actifan,X,X
aerocar,X,early 20th century; earliest use found in Flight International
AI,X,"early 17th century: from Tupi, imitative of its cry"
air-car,X,early 19th century; earliest use found in The Mechanics' Magazine
alien,14th century,"Middle English: via Old French from Latin alienus ‰Û÷belonging to another‰Ûª, from alius ‰Û÷other‰Ûª"
alternate future,X,X
alternate history,X,X
alternate reality,X,X
alternate universe,X,X
alternate world,X,X
alternative future,X,X
alternative history,X,X
alternative reality,X,X
alternative universe,X,X
alternative world,X,X
android,circa 1736,"early 18th century: from modern Latin androides, from andro- + -oid"
Anglic,X,1930s. From angl- (in Anglo-) + -ic
annish,X,X
ansible,X,"1960s; earliest use found in Ursula Le Guin (b. 1929), writer of science fiction and fantasy. Shortened from answerable, with suffix substitution, so called to contrast with wave-based communication technologies (such as radio) which are not answerable over interstellar distances within any useful period of time"
anti-agathic,X,X
antigrav,X,X
anti-gravitational,X,X
anti-gravity,1944,X
antispinward,X,X
anywhen,X,"mid 19th century; earliest use found in Thomas Carlyle (1795‰ÛÒ1881), author, biographer, and historian. From any + when"
APA,X,X
apazine,X,X
artificial gravity,X,1930s
artificial intelligence,X,X
astrogate,X,"1940s. From astro- + -gate, after astrogation"
astrogation,X,1930s: blend of astro- and navigation
astrogational,X,X
astrogator,X,X
astronavigation,X,1930s: from astro- + navigation
astronavigator,X,X
atomics,X,early 19th century. From atomic: see -ic
avian,1861,late 19th century: from Latin avis ‰Û÷bird‰Ûª + -an
bacover,X,X
BDO,X,X
beam,before 12th century,"Old English b€Òam ‰Û÷tree, beam‰Ûª, of West Germanic origin; related to Dutch boom and German Baum"
beam-me-up (Scotty),X,X
beanstalk,X,X
belter,1953,X
BEM,X,X
bheer,X,X
Big Brother,X,X
big dumb object,X,X
biopunk,X,X
blaster,1575,X
blast off,X,X
blowup,1757,X
BNF,X,1960s; earliest use found in Proceedings of the AFIPS Conference
boat,before 12th century,"Old English b€t, of Germanic origin"
body-waldo,X,X
bot,15th century,1960s: shortening of robot
braintape,X,X
brave new world,X,X
Buck Rogers,X,X
bug-eyed monster,X,X
chrononaut,X,X
chronoscope,X,X
Clarke orbit,X,X
Clarke's First Law,X,X
Clarke's Second Law,X,X
Clarke's Third Law,X,X
cloaking device,X,X
clubzine,X,X
COA,1951,X
cognitive estrangement,X,X
cold sleep,X,X
cold sleeper,X,X
collapsium,X,X
comlink,X,X
completism,X,X
completist,1951,X
comset,X,X
con,1901,"late 19th century (originally US): abbreviation of confidence, as in confidence trick"
congoer,X,X
conreport,X,X
continuum,1646,"mid 17th century: from Latin, neuter of continuus (see continuous)"
contraterrene,X,X
corflu,X,X
corpsesicle,X,X
cosy catastrophe,X,X
counter-gravity,X,X
craft,before 12th century,"Old English crÌ_ft ‰Û÷strength, skill‰Ûª, of Germanic origin; related to Dutch kracht, German Kraft, and Swedish kraft ‰Û÷strength‰Ûª. craft (sense 3 of the noun), originally in the expression small craft ‰Û÷small trading vessels‰Ûª, may be elliptical, referring to vessels requiring a small amount of ‰Û÷craft‰Ûª or skill to handle, as opposed to large ocean-going ships"
credit,1529,"mid 16th century (originally in the senses ‰Û÷belief‰Ûª, ‰Û÷credibility‰Ûª): from French crÌ©dit, probably via Italian credito from Latin creditum, neuter past participle of credere ‰Û÷believe, trust‰Ûª"
croggle,X,X
crudzine,X,X
cruiser,1695,"late 17th century: from Dutch kruiser, from kruisen (see cruise)"
cryostasis,X,1990s. From cryo- + stasis
cyberpunk,1983,X
cyberpunkish,X,X
cyberspace,1982,X
cyborg,1960,1960s: blend of cyber- and organism
cyborged,X,X
cyborging,X,X
cyborgisation,X,X
cyborgised,X,X
dalek,X,1960s: invented by the scriptwriter Terry Nation ( 1930‰ÛÒ97)
dark side,X,X
dayside,1827,X
death ray,X,X
deep space,X,X
deflector,circa 1555,X
different story,X,X
dimension,14th century,"late Middle English (in dimension (sense 1 of the noun)): via Old French from Latin dimensio(n-), from dimetiri ‰Û÷measure out‰Ûª. dimension (sense 2 of the noun) dates from the 1920s"
dimensional,14th century,X
dirtside,X,X
dirtsider,X,X
disaster novel,X,X
disintegrator,1796,X
disruptor,1793,X
doomwatch,X,X
doomwatcher,X,X
doubleplusungood,X,X
doublethink,1949,1949: coined by George Orwell in his novel Nineteen Eighty-Four
downtime,1928,X
droid,1952,1970s: shortening of android
dropshaft,X,X
Dyson sphere,X,X
dystopia,circa 1950,late 18th century: from dys- ‰Û÷bad‰Ûª + utopia
dystopian,1962,X
dystopic,1962,X
Earthborn,1621,X
Earther,1926,X
Earthfall,X,X
Earthfolk,X,X
Earthgirl,X,X
Earthian,X,X
Earthie,X,X
Earthlike,before 12th century,late 16th century; earliest use found in Huloets Dictionary. From earth + -like
Earthling,1593,X
Earthman,X,Middle English (in an earlier sense). In some forms from earth + man. In some forms from the genitive of earth + man
Earthnorm,X,X
Earth-normal,X,X
Earthperson,X,X
Earthside,X,"mid 19th century; earliest use found in Elizabeth Barrett Browning (1806‰ÛÒ1861), poet and writer. From earth + side. With use as adverb compare slightly earlier stateside. With use as adjective compare earlier stateside"
Earthsider,X,X
Earth-type,X,X
Earthwoman,X,"mid 19th century (in an earlier sense). From earth + woman, after earthman"
ecotopia,X,X
edisonade,X,X
eetee,X,X
egoboo,X,X
egoscan,X,X
elsewhen,X,X
empath,1956,X
empathic,1909,X
empathy,1909,early 20th century: from Greek empatheia (from em- ‰Û÷in‰Ûª + pathos ‰Û÷feeling‰Ûª) translating German EinfÌ_hlung
energy screen,X,X
energy weapon,X,X
escape pod,X,X
esp,X,X
esper,X,X
ET,X,X
everywhen,X,X
exoskeleton,1847,X
expository lump,X,X
extra-dimensional,X,X
extra-planetary,X,X
extraterrestrial,1848,X
eyetracks,X,X
faan,X,X
faanish,X,X
fafia,X,X
fafiate,X,X
fakefan,X,X
fanac,X,X
faned,X,X
fanfic,1944,1970s è abbreviation
fan fiction,X,X
fanmag,X,X
fanne,X,X
fanning,before 12th century,X
fannish,X,X
fannishness,X,X
fanspeak,X,X
fantascience,X,X
fantastic,14th century,"late Middle English (in the sense ‰Û÷unreal‰Ûª): from Old French fantastique, via medieval Latin from Greek phantastikos, from phantazein ‰Û÷make visible‰Ûª, phantazesthai ‰Û÷have visions, imagine‰Ûª, from phantos ‰Û÷visible‰Ûª (related to phainein ‰Û÷to show‰Ûª). From the 16th to the 19th centuries the Latinized spelling phantastic was also used"
fantasy,14th century,"late Middle English: from Old French fantasie, via Latin from Greek phantasia ‰Û÷imagination, appearance‰Ûª, later ‰Û÷phantom‰Ûª, from phantazein ‰Û÷make visible‰Ûª. From the 16th to the 19th centuries the Latinized spelling phantasy was also used"
fanzine,1942,1940s (originally US): blend of fan and magazine
farside,15th century,X
faster-than-light,X,X
faster than light,X,X
feelie,X,"1930s; earliest use found in Aldous Huxley (1894‰ÛÒ1963), writer. From feel + -y, after movie"
Feghoot,X,X
femfan,X,X
fen,before 12th century,"Old English fen(n), of Germanic origin; related to Dutch veen and German Fenn"
FIAWOL,X,X
FIJAGH,X,X
filk,X,1950s. Probably originally a transmission error for folk
filker,X,1980s; earliest use found in Associated Press Newswire. From filk + -er
filking,X,1980s; earliest use found in The San Francisco Chronicle. From filk + -ing
filksing,X,X
fillo,X,X
first contact,X,X
fix-up,1764,X
flame pistol,X,X
flash crowd,X,X
flitter,15th century,late Middle English: frequentative of flit
floater,1717,X
fmz,X,X
food pill,X,X
force field,X,X
Frankenstein complex,X,X
free fall,X,X
frell,X,X
frelling,X,X
fresher,13th century,X
fringefan,X,X
FTL,X,"1960s; earliest use found in Frederik Pohl (1919‰ÛÒ2013), writer of science fiction"
fugghead,X,X
fuggheadedness,X,X
future history,X,X
future war,X,X
gadget,1886,late 19th century (originally in nautical use): probably from French gÌ¢chette ‰Û÷lock mechanism‰Ûª or from the French dialect word gagÌ©e ‰Û÷tool‰Ûª
gafia,X,X
gafiate,X,X
gafiation,X,X
galactic,1839,mid 19th century: from Greek galaktias (variant of galaxias ‰Û÷galaxy‰Ûª) + -ic
galactography,X,X
galaxy-wide,X,X
gas giant,X,X
gate,before 12th century,"Old English gÌ_t, geat, plural gatu, of Germanic origin; related to Dutch gat ‰Û÷gap, hole, breach‰Ûª"
gateway,1707,X
gee,1628,mid 19th century: perhaps an abbreviation of Jesus
generation,14th century,"Middle English: via Old French from Latin generatio(n-), from the verb generare (see generate)"
generation ship,X,1950s; earliest use found in New Worlds Science Fiction
genetic engineer,X,"1950s; earliest use found in Astounding Science Fiction. From genetic + engineer, after genetic engineering"
genetic engineering,X,X
genre,1770,"early 19th century: French, literally ‰Û÷a kind‰Ûª (see gender)"
genre science fiction,X,X
genzine,X,X
ghod,X,X
glassite,X,X
GOH,X,X
golden age,X,"mid 16th century: the Greek and Roman poets' name for the first period of history, when the human race lived in an ideal state"
go nova,X,X
goshwow,X,X
go supernova,X,X
graser,X,X
grav,X,X
gravitic,X,X
gravitics,X,X
gravity drive,X,X
gravity-free,X,X
gravityless,X,X
gravity plate,X,X
gravity screen,X,X
gravity well,X,X
gravs,X,X
grok,1961,"1960s: a word invented by Robert Heinlein (1907‰ÛÒ88), American author"
groundcar,X,X
groundhog,1741,X
groundside,X,X
group mind,X,late 19th century
-h-,before 12th century,X
hard-core science,X,X
hard science fiction,X,X
heat ray,X,X
helicab,X,X
helicar,X,X
hive mind,X,X
holo,X,X
holo-,X,X
holocam,X,X
holocamera,X,X
holodeck,X,"1980s: probably a blend of hologram and deck, popularized by the television series Star Trek: the Next Generation (1987‰ÛÒ94)"
hologram,1949,X
holoscreen,X,X
holotank,X,X
holovision,X,X
home galaxy,X,X
home planet,X,X
home star,X,X
home system,X,X
homeworld,X,X
Homo superior,X,X
horror,14th century,"Middle English: via Old French from Latin horror, from horrere ‰Û÷tremble, shudder‰Ûª (see horrid)"
Hugo,X,X
humanoid,1918,X
hyperdrive,1973,1950s: from hyper- + drive
hyperspace,1867,X
hyperspatial,X,X
hyperspeed,X,X
hypnopaedia,X,X
illo,X,X
imaginative fiction,X,X
impervium,X,1930s. From imperv- + -ium
impossible story,X,X
infodump,X,X
inner space,X,X
insectoid,X,X
in-system,X,X
inter-dimensional,X,X
interplanetary,1691,X
intersystem,1889,X
interworld,X,X
intra-system,X,X
ion drive,X,1940s; earliest use found in Astounding Science Fiction
ish,X,1980s: from -ish
jack in,X,X
Jovian,1530,X
jump,1530,early 16th century (in the sense ‰Û÷be moved or thrown with a sudden jerk‰Ûª): probably imitative of the sound of feet coming into contact with the ground
jump drive,X,X
jump engine,X,X
jump gate,X,X
jump point,X,X
jump ship,X,X
jump space,X,X
Jupiterian,X,X
Klingon,X,1960s: invented name
K/S,X,X
landing cradle,X,X
laser gun,X,X
lay story,X,X
lettercol,X,X
letterhack,X,X
letterzine,X,X
levitator,X,X
lifeboat,1797,X
lifepod,X,X
lifeship,X,X
light,before 12th century,"Old English l€Òoht, l€Çht (noun and adjective), l€Çhtan (verb), of Germanic origin; related to Dutch licht and German Licht, from an Indo-European root shared by Greek leukos ‰Û÷white‰Ûª and Latin lux ‰Û÷light‰Ûª"
light sail,X,X
light-speed,1914,early 20th century; earliest use found in The Frederick Post. From light + speed
little green man,X,X
loc,X,X
Luna,1869,X
Luna City,X,X
Lunarian,X,X
mad scientist,X,late 19th century; earliest use found in The Newark Advocate
mag-,1742,X
mainstream,circa 1585,X
Martian,1880,"late Middle English (in the senses ‰Û÷subject to Mars's influence‰Ûª and ‰Û÷martial‰Ûª): from Latin Mars, Mart- (see Mars) + -ian"
Mary Sue,X,"1970s: from the name of a character in A Trekkie's Tale (1973), a parody fan fiction story based on the US television series Star Trek"
matrix,1555,"late Middle English (in the sense ‰Û÷womb‰Ûª): from Latin, ‰Û÷breeding female‰Ûª, later ‰Û÷womb‰Ûª, from mater, matr- ‰Û÷mother‰Ûª"
matter transmission,X,1930s
matter transmitter,X,1930s
matter transmitting,X,X
meat puppet,X,X
mech,X,X
megayear,X,X
Mercurian,X,X
microbook,X,X
military science fiction,X,X
mindlink,X,X
mind-meld,X,X
mind shield,X,X
monster movie,X,1970s; earliest use found in Public Opinion Quarterly
moon base,X,X
moonsuit,1980,X
morph,1947,1990s: element from metamorphosis
mosaic novel,X,X
motherworld,X,X
multigeneration ship,X,X
multiversal,X,X
multiverse,1963,X
mundane,15th century,"late Middle English (in mundane (sense 2)): from Old French mondain, from late Latin mundanus, from Latin mundus ‰Û÷world‰Ûª. mundane (sense 1) dates from the late 19th century"
mundania,X,X
mutant,1903,"early 20th century: from Latin mutant- ‰Û÷changing‰Ûª, from the verb mutare"
mutation,14th century,"late Middle English: from Latin mutatio(n-), from mutare ‰Û÷to change‰Ûª"
mutie,X,X
nanite,X,1990s; earliest use found in Cinefantastique. From nano- + -ite
nanobot,1989,X
Nebula,1718,"mid 17th century (as a medical term): from Latin, literally ‰Û÷mist‰Ûª"
needle,before 12th century,"Old English n‚£dl, of Germanic origin; related to Dutch naald and German Nadel, from an Indo-European root shared by Latin nere ‰Û÷to spin‰Ûª and Greek n€Òma ‰Û÷thread‰Ûª"
needle beam,X,X
needle gun,X,X
needler,circa 1715,X
neo,X,X
neofan,X,X
Neptunian,before 12th century,X
neural,circa 1847,mid 19th century: from Greek neuron in the sense ‰Û÷nerve‰Ûª + -al
neuronic,1891,X
newspeak,1949,1949: the name of an artificial official language in George Orwell's Nineteen Eighty-Four
newszine,X,X
New Wave,X,X
non-genre,X,X
nonhumanoid,X,X
nontelepath,X,X
non-terrestrial,X,X
normal space,X,X
nova,1927,"late 19th century: from Latin, feminine of novus ‰Û÷new‰Ûª (because such stars were thought to be newly formed)"
nova bomb,X,X
novum,X,X
null-g,X,X
null-grav,X,X
ob,X,X
off-earth,X,X
off-planet,X,X
off-trail,X,X
off-world,X,X
offworlder,X,X
oldspeak,X,1949: from George Orwell's Nineteen Eighty-Four (see newspeak)
on-planet,X,X
on-world,before 12th century,X
orbital,1932,"mid 16th century (referring to the eye socket): probably from medieval Latin orbitalis, from Latin orbita (see orbit)"
organlegger,X,X
other-dimensional,X,X
outplanet,X,X
outsystem,X,X
outworld,before 12th century,X
outworlder,X,X
overdrive,1926,X
overmind,X,X
pangalactic,X,X
pantropy,X,X
parahuman,X,"1930s. From para- + human. Compare earlier superhuman [noun], subhuman, extra-human"
parallel universe,X,X
parallel world,X,1930s
parking orbit,X,"1950s; earliest use found in Robert A. Heinlein (1907‰ÛÒ1988), writer"
passifan,X,X
personalzine,X,X
perzine,X,X
phaser,X,X
plane,1604,"early 17th century: from Latin planum ‰Û÷flat surface‰Ûª, neuter of the adjective planus ‰Û÷plain‰Ûª. The adjective was suggested by French plan(e) ‰Û÷flat‰Ûª. The word was introduced to differentiate the geometrical senses, previously expressed by plain, from the latter's other meanings"
planetary engineering,X,1930s
planetary romance,X,X
planet-bound,X,X
planet-buster,X,X
planeteer,X,X
planetfall,X,"1940s: from planet + -fall, on the pattern of landfall"
planet-killer,X,X
planetographer,X,X
planetography,X,"mid 18th century; earliest use found in Benjamin Martin (bap. 1705, d. 1782), lecturer on science and maker of scientific instruments. From planet + -ography"
planetscape,X,X
planetside,X,X
planet-smasher,X,X
planet-wide,1920,X
planet-wrecker,X,X
plasteel,X,1970s: blend of plastic and steel
plastiskin,X,X
Plutonian,1604,X
pocket universe,X,X
pod person,X,"1970s; earliest use found in The Washington Post. From pod + person, with allusion to the ‰Û÷seed pods‰Ûª in Jack Finney's novel The Body Snatchers, or any of several film adaptations based on this, in which the pods replicate and replace the population of a town"
positronic,X,"1940s; earliest use found in Isaac Asimov (1920‰ÛÒ1992), writer. From positron + -ic, after electronic"
post-apocalypse,1956,X
post-apocalyptic,1956,X
post-catastrophe,X,X
post-cyberpunk,X,X
post-holocaust,1968,X
posthuman,X,X
posthumanism,X,1970s. From post-human + -ism. Compare earlier post-humanism
posthumanist,X,X
posthumanity,X,X
precog,X,"1950s; earliest use found in Philip K. Dick (1928‰ÛÒ1982), author. Shortened from either precognition or precognitive; apparently coined by Philip K. Dick"
pre-space,X,X
prespaceflight,X,X
pressor,circa 1890,X
pressor beam,X,X
pressure suit,X,X
prime directive,X,1940s; earliest use found in The Washington Post
probability world,X,X
prodom,X,X
promag,X,X
proto-cyberpunk,X,X
proto-science fiction,X,X
prozine,X,1940s; earliest use found in Planet Stories. From pro + -zine
pseudo-grav,X,X
pseudo-gravity,X,X
pseudo-science,1796,X
pseudo-scientific,1796,X
psionic,X,"1950s: from psi, on the pattern of electronic"
psionically,X,X
psionics,X,1950s. From psionic: see -ic
pub,1800,mid 19th century: abbreviation of public house
pulp science fiction,X,X
raise,13th century,Middle English: from Old Norse reisa; related to the verb rear
ramscoop,X,X
ray,14th century,"Middle English: from Old French rai, based on Latin radius ‰Û÷spoke, ray‰Ûª. The verb dates from the late 16th century"
ray gun,X,X
ray projector,X,X
reaction drive,X,1940s
redshirt,1955,X
relaxacon relaxicon,X,X
replicant,X,from replica + -ant: first used in the film Blade Runner (1982)
rim world,X,X
robo-,X,X
robot,1922,"1920s: from Czech, from robota ‰Û÷forced labour‰Ûª. The term was coined in K. €Îapek's play R.U.R ‰Û÷Rossum's Universal Robots‰Ûª (1920)"
robotic,1928,X
roboticist,1941,X
robotics,1941,X
rocketeer,1832,X
rocketman,X,X
round robin,X,X
sapience,14th century,X
sapient,15th century,"late Middle English: from Old French, or from Latin sapient- ‰Û÷being wise‰Ûª, from the verb sapere"
Saturnian,1557,X
science fantasy,X,X
science fiction,X,X
science-fictional,1851,X
science-fictionality,X,X
science-fictionally,X,X
science fictioneer,X,X
science fictioner,X,X
science fictionist,X,X
science-fictiony,X,X
science story,X,X
scienti-,X,X
scientifantasy,X,X
scientific fantasy,X,X
scientific fiction,X,X
scientific romance,X,"late 18th century; earliest use found in Isaac D'Israeli (1766‰ÛÒ1848), writer"
scientifiction,X,early 20th century: blend of scientific and fiction
scientifictional,X,X
scientifictionist,X,X
scientifilm,X,X
sci-fi,1954,X
sci-fic,X,X
seetee,X,X
Selenite,15th century,"mid 17th century: via Latin from Greek sel€Ònit€Òs lithos ‰Û÷moonstone‰Ûª, from sel€Òn€Ò ‰Û÷moon‰Ûª + lithos ‰Û÷stone‰Ûª"
semi-prozine,X,X
sense of wonder,X,X
sentience,1839,X
sentient,1632,"early 17th century: from Latin sentient- ‰Û÷feeling‰Ûª, from the verb sentire"
sercon,X,X
SF,X,X
SF/F/H,X,X
SF-ish,X,X
SFnal,X,X
sharecrop,circa 1930,X
sharecropper,1923,X
sharecropping,circa 1930,X
shared world,X,X
shield,before 12th century,"Old English scild (noun), scildan (verb), of Germanic origin; related to Dutch schild and German Schild, from a base meaning ‰Û÷divide, separate‰Ûª"
ship,before 12th century,"Old English scip (noun), late Old English scipian (verb), of Germanic origin; related to Dutch schip and German Schiff"
shipper,1755,late Old English scipere ‰Û÷sailor‰Ûª. Current senses date from the mid 18th century
shuttle,14th century,"Old English scytel ‰Û÷dart, missile‰Ûª, of Germanic origin; compare with Old Norse skutill ‰Û÷harpoon‰Ûª; related to shoot. Sense 1 and the verb are from the movement of the bobbin from one side of the loom to the other and back"
shuttlecraft,X,X
shuttleport,X,X
singularity,14th century,"Middle English: from Old French singularite, from late Latin singularitas, from singularis ‰Û÷alone (of its kind)‰Ûª (see singular)"
skiffy,X,X
skimmer,14th century,"Middle English: from Old French escumoir, from escumer ‰Û÷skim‰Ûª, from escume ‰Û÷scum‰Ûª"
skinsuit,X,1950s; earliest use found in The Chicago Sunday Tribune
slan,X,X
slan shack,X,X
slash,1548,"late Middle English: perhaps imitative, or from Old French esclachier ‰Û÷break in pieces‰Ûª. The noun dates from the late 16th century"
sleeper ship,X,X
slidewalk,X,X
slideway,1851,X
slipstream,1913,X
slower-than-light,X,X
slugthrower,X,X
smeg,X,"1980s: origin uncertain, but often interpreted as a shortening of smegma; first used on the British television series Red Dwarf"
smegging,X,X
smeggy,X,X
smeghead,X,1980s
smof,X,X
SMOF,X,X
soft science fiction,X,X
Sol,14th century,X
Sol III,X,X
Solarian,X,X
solido,X,X
solidograph,X,X
Sol-type,X,X
soma,1827,late 19th century: from Greek sma ‰Û÷body‰Ûª
somewhen,1833,X
sophont,X,X
space,14th century,"Middle English: shortening of Old French espace, from Latin spatium. Current verb senses date from the late 17th century"
space ark,X,X
space armor,X,X
spaceboat,X,X
spaceboot,X,X
space-borne,X,X
space-burned,X,X
space cadet,X,X
space can,X,X
space car,X,X
space colony,X,1930s
spacecraft,1929,X
space cruiser,X,X
space dock,X,X
space dog,X,X
space drive,X,X
space elevator,X,"1970s; earliest use found in Arthur C. Clarke (1917‰ÛÒ2008), writer of science fiction"
spacefarer,X,X
spacefaring,1952,X
space fiction,X,1950s; earliest use found in Space Science Fiction
spacefield,X,X
space fleet,X,1930s
space flier,X,X
space flight,X,X
space flyer,X,early 20th century; earliest use found in Modern Electrics
space flying,X,X
space force,X,X
space freighter,X,X
space-going,X,X
spacehand,X,X
space helmet,X,1930s
spacehound,X,X
space lane,X,X
spaceline,X,X
spaceliner,X,X
spacelock,X,X
spaceman,1932,X
spacemanship,X,X
space marine,X,X
space navigator,X,X
space opera,X,X
space operatic,X,X
space patrol,X,X
space person,X,X
space pirate,X,X
spaceport,1930,X
spacer,1857,X
spaceship,1880,X
space-sick,X,X
space-sickness,X,early 20th century
spacesuit,1929,X
space tan,X,X
space-tanned,X,X
space travel,X,X
space traveler,X,X
space-traveling,X,X
space tug,X,X
space vehicle,X,X
space vessel,X,X
spaceward,1872,late 19th century; earliest use found in Scribner's Monthly. From space + -ward
space warp,X,X
spaceways,X,X
spacewoman,X,X
spaceworthiness,X,X
spaceworthy,X,"1930s. From space + -worthy, after airworthy and seaworthy"
space yacht,X,X
spaceyard,X,X
spec fic,X,X
speculative fiction,X,X
spinward,X,X
spy ray,X,X
Standard,12th century,"Middle English (denoting a flag raised on a pole as a rallying point, the authorized exemplar of a unit of measurement, or an upright timber): shortening of Old French estendart, from estendre ‰Û÷extend‰Ûª; in standard (sense 4 of the noun, standard sense 5 of the noun, standard sense 6 of the noun), influenced by the verb stand"
starbase,X,1940s
star-cruiser,X,X
star drive,X,X
starfarer,X,X
starfaring,X,X
starfleet,X,X
star flight,X,X
stargate,X,X
starlanes,X,X
starliner,X,X
starman,X,X
star-person,X,X
starport,X,X
starship,1882,X
star travel,X,X
star traveler,X,X
star voyaging,X,X
star wars,X,from the title of the popular science fiction film Star Wars (1977)
starways,X,X
stasis field,X,X
steampunk,1987,X
stefnist,X,X
Stepford,X,"from The Stepford Wives, the title of a 1972 novel by the American writer Ira Levin (1929‰ÛÒ2007), in which Stepford is the name of a fictional idyllic suburb where the men have replaced their wives with robots"
stf,X,1930s; earliest use found in Wonder Stories
stf-,X,1930s; earliest use found in Wonder Stories
stfan,X,X
stfantasy,X,X
stfdom,X,X
stfnal,X,X
stim,X,X
stun gun,X,X
stunner,1829,X
Sturgeon's Law,X,"1960s. From the genitive of the name of Theodore H. Sturgeon, U.S. science fiction writer + law"
sub-ether,X,X
sub-etheric,X,X
subfandom,X,X
subjunctivity,X,mid 19th century. From subjunctive + -ity
sublight,X,X
subspace,1907,X
suit,14th century,"Middle English: from Anglo-Norman French siwte, from a feminine past participle of a Romance verb based on Latin sequi ‰Û÷follow‰Ûª. Early senses included ‰Û÷attendance at a court‰Ûª and ‰Û÷legal process‰Ûª; suit (sense 1 of the noun and suit sense 2 of the noun) derive from an earlier meaning ‰Û÷set of things to be used together‰Ûª. The verb sense ‰Û÷make appropriate‰Ûª dates from the late 16th century"
suit radio,X,X
supernormal,1834,X
super-science,X,X
super-scientific,X,X
super-scientist,X,X
super-weapon,1914,X
system-wide,X,X
tanstaafl,X,X
tardis,X,"the name (said to be an acronym of time and relative dimensions in space) of a time machine which had the exterior of a police telephone box in the British TV science fiction series Doctor Who, first broadcast in 1963"
technothriller,1978,X
telempathic,X,X
teleport,1931,"1950s: back-formation from teleportation ( 1930s), from tele- ‰Û÷at a distance‰Ûª + a shortened form of transportation"
teleportation,1931,X
teleporter,X,1940s; earliest use found in The Hartford Courant. From teleport + -er
telescreen,X,X
Tellurian,X,"mid 19th century: from Latin tellus, tellur- ‰Û÷earth‰Ûª + -ian"
Tellus,X,"late Middle English; earliest use found in John Lydgate (c1370‰ÛÒc1449), poet and prior of Hatfield Regis. From classical Latin tellÇs earth, ground, also personified as a goddess, planet earth from the same Indo-European base as theal"
temporal paradox,X,X
Terra,1946,"Latin, literally ‰Û÷earth‰Ûª"
terraform,X,1940s: from Latin terra ‰Û÷earth‰Ûª + the verb form
terraformed,X,X
terraformer,X,X
terraforming,X,X
Terran,X,X
terrene,14th century,"Middle English: from Anglo-Norman French, from Latin terrenus, from terra ‰Û÷earth‰Ûª"
Terrestrial,15th century,"late Middle English (in the sense ‰Û÷temporal, worldly, mundane‰Ûª): from Latin terrestris (from terra ‰Û÷earth‰Ûª) + -al"
Terrestrian,X,X
thish,X,X
thoughtcrime,X,1949: from George Orwell's Nineteen Eighty-Four
three-D,X,X
three-v,X,X
tight-beam,X,X
timecop,X,X
time hopper,X,X
timeline,1951,X
time machine,X,X
time paradox,X,early 20th century
timepath,X,X
timescape,X,X
timeslip,X,X
time storm,X,X
time stream,X,X
time-track,X,X
time travel,X,X
time traveler,X,X
time-traveling,X,X
time viewer,X,X
time warp,X,X
tin can,X,X
torch,13th century,"Middle English: from Old French torche, from Latin torqua, variant of torques ‰Û÷necklace, wreath‰Ûª, from torquere ‰Û÷to twist‰Ûª. The current verb sense was originally US slang and dates from the 1930s"
torch drive,X,X
torchship,X,X
tractor,1900,"late 18th century (in the general sense ‰Û÷someone or something that pulls‰Ûª): from Latin, from tract- ‰Û÷pulled‰Ûª, from the verb trahere"
tractor beam,X,X
transdimensional,X,X
transgalactic,X,X
transhuman,X,X
transhumanity,X,X
Trekker,1835,X
Trekkie,X,X
tri-D,X,X
trideo,X,X
tri-dim,X,X
triffid,X,coined by John Wyndham in Day of the Triffids (1951)
tri-v,X,X
tri-vid,X,X
trufan,X,X
Tuckerism,X,X
Tuckerize,X,X
Twonk's disease,X,X
uchronia,X,X
ultradrive,X,X
ultraphone,X,X
ultraviolence,1849,X
ultrawave,X,X
unhuman,X,X
universe,1589,"late Middle English: from Old French univers or Latin universum, neuter of universus ‰Û÷combined into one, whole‰Ûª, from uni- ‰Û÷one‰Ûª + versus ‰Û÷turned‰Ûª (past participle of vertere)"
unperson,1949,1949: coined by George Orwell in the novel Nineteen Eighty-Four
unsuit,X,X
unsuited,1598,X
uplift,14th century,X
uplifting,14th century,X
uptime,1958,X
Uranian,1844,X
utopia,1533,mid 16th century: based on Greek ou ‰Û÷not‰Ûª + topos ‰Û÷place‰Ûª; the word was first used in the book Utopia (1516) by Sir Thomas More
vac suit,X,X
vacuum suit,X,X
Venerian,X,X
Venusian,1874,X
vessel,14th century,"Middle English: from Anglo-Norman French vessel(e), from late Latin vascellum, diminutive of vas ‰Û÷vessel‰Ûª"
vibroblade,X,X
vibroknife,X,X
vid,1979,X
videophone,1944,X
vidphone,X,X
vidscreen,X,X
viewphone,X,1930s
viewplate,X,X
viewport,X,X
viewscreen,X,X
virus,1599,"late Middle English (denoting the venom of a snake): from Latin, literally ‰Û÷slimy liquid, poison‰Ûª. The earlier medical sense, superseded by the current use as a result of improved scientific understanding, was ‰Û÷a substance produced in the body as the result of disease, especially one capable of infecting others‰Ûª"
vision plate,X,X
vision screen,X,X
visiphone,X,X
visiplate,X,X
visiscreen,X,X
waldo,X,"1940s: named after Waldo F. Jones, a fictional inventor described by Robert Heinlein in a science fiction story"
wallscreen,X,X
warp,before 12th century,"Old English weorpan (verb), wearp (noun), of Germanic origin; related to Dutch werpen and German werfen ‰Û÷to throw‰Ûª. Early verb senses included ‰Û÷throw‰Ûª and ‰Û÷hit with a missile‰Ûª; the sense ‰Û÷bend‰Ûª dates from late Middle English. The noun was originally a term in weaving (see warp (sense 2 of the noun))"
warp drive,X,X
warp speed,X,1970s: popularized by the US television series Star Trek (originally referring to a faster-than-light speed attained by a spaceship travelling in a space warp)
webcast,1995,"1990s: from web, in the sense ‰Û÷World Wide Web‰Ûª, and broadcast"
Whovian,X,X
widescreen baroque,X,X
wirehead,X,X
wireheading,X,X
world-building,X,X
worldlet,X,"mid 19th century; earliest use found in Martin Tupper (1810‰ÛÒ1889), poet and writer. From world + -let"
worm,before 12th century,"Old English wyrm (noun), of Germanic origin; related to Latin vermis ‰Û÷worm‰Ûª and Greek rhomox ‰Û÷woodworm‰Ûª"
xeno-,X,X
xenoanthropology,X,X
xenobiological,X,X
xenobiologist,X,X
xenobiology,X,"1950s; earliest use found in Robert A. Heinlein (1907‰ÛÒ1988), writer"
xenocide,X,X
xenolinguist,X,X
xenological,X,X
xenologist,X,X
xenology,X,"1950s: from Greek xenos ‰Û÷stranger, foreigner‰Ûª, (adjective) ‰Û÷strange‰Ûª"
X-Phile,X,X
zero-g,X,X
zero gravity,X,X
zine,1965,X